year,term,start,end,source
2024,1,2024-01-29,2024-03-28,https://www.vic.gov.au/school-term-dates-and-holidays-victoria
2024,2,2024-04-15,2024-06-28,https://www.vic.gov.au/school-term-dates-and-holidays-victoria
2024,3,2024-07-15,2024-09-20,https://www.vic.gov.au/school-term-dates-and-holidays-victoria
2024,4,2024-10-07,2024-12-20,https://www.vic.gov.au/school-term-dates-and-holidays-victoria
2025,1,2025-01-28,2025-04-04,https://www.vic.gov.au/school-term-dates-and-holidays-victoria
2025,2,2025-04-22,2025-07-04,https://www.vic.gov.au/school-term-dates-and-holidays-victoria
2025,3,2025-07-21,2025-09-19,https://www.vic.gov.au/school-term-dates-and-holidays-victoria
2025,4,2025-10-06,2025-12-19,https://www.vic.gov.au/school-term-dates-and-holidays-victoria
2026,1,2026-01-27,2026-04-02,https://www.vic.gov.au/school-term-dates-and-holidays-victoria
2026,2,2026-04-20,2026-06-26,https://www.vic.gov.au/school-term-dates-and-holidays-victoria
2026,3,2026-07-13,2026-09-18,https://www.vic.gov.au/school-term-dates-and-holidays-victoria
2026,4,2026-10-05,2026-12-18,https://www.vic.gov.au/school-term-dates-and-holidays-victoria
2027,1,2027-01-27,2027-03-25,https://www.vic.gov.au/school-term-dates-and-holidays-victoria
2027,2,2027-04-12,2027-06-25,https://www.vic.gov.au/school-term-dates-and-holidays-victoria
2027,3,2027-07-12,2027-09-17,https://www.vic.gov.au/school-term-dates-and-holidays-victoria
2027,4,2027-10-04,2027-12-17,https://www.vic.gov.au/school-term-dates-and-holidays-victoria
